
{
  "quizid": "17853",
  "name": "General Knowledge Quiz 2024",
  "description": "Test your general knowledge with these questions!",
  "questions_list": [
    {
      "question_number": 1,
      "question": "Who wrote the famous play 'Romeo and Juliet'?",
      "options": ["William Shakespeare", "Jane Austen", "Charles Dickens", "Leo Tolstoy"],
      "qtype": "MCQ",
      "answer": 0,
      "mark": 1
    },
    {
      "question_number": 2,
      "question": "What is the capital city of France?",
      "options": ["London", "Berlin", "Madrid", "Paris"],
      "qtype": "MCQ",
      "answer": 3,
      "mark": 1
    },
    {
      "question_number": 3,
      "question": "Which planet is known as the 'Red Planet'?",
      "options": ["Jupiter", "Mars", "Venus", "Saturn"],
      "qtype": "MCQ",
      "answer": 1,
      "mark": 1
    },
    {
      "question_number": 4,
      "question": "Who painted the Mona Lisa?",
      "options": ["Vincent van Gogh", "Pablo Picasso", "Leonardo da Vinci", "Claude Monet"],
      "qtype": "MCQ",
      "answer": 2,
      "mark": 1
    },
    {
      "question_number": 5,
      "question": "Which country is known as the 'Land of the Rising Sun'?",
      "options": ["China", "Japan", "South Korea", "India"],
      "qtype": "MCQ",
      "answer": 1,
      "mark": 1
    },
    {
      "question_number": 6,
      "question": "Who is the author of 'To Kill a Mockingbird'?",
      "options": ["Ernest Hemingway", "Mark Twain", "Harper Lee", "J.D. Salinger"],
      "qtype": "MCQ",
      "answer": 2,
      "mark": 1
    },
    {
      "question_number": 7,
      "question": "Which animal is known as the 'King of the Jungle'?",
      "options": ["Tiger", "Lion", "Leopard", "Cheetah"],
      "qtype": "MCQ",
      "answer": 1,
      "mark": 1
    },
    {
      "question_number": 8,
      "question": "What is the chemical symbol for water?",
      "options": ["W", "H2O", "O2", "CO2"],
      "qtype": "MCQ",
      "answer": 1,
      "mark": 1
    },
    {
      "question_number": 9,
      "question": "Who is the current President of the United States?",
      "options": ["Barack Obama", "Donald Trump", "Joe Biden", "George W. Bush"],
      "qtype": "MCQ",
      "answer": 2,
      "mark": 1
    },
    {
      "question_number": 10,
      "question": "What is the largest mammal in the world?",
      "options": ["Elephant", "Blue Whale", "Giraffe", "Hippopotamus"],
      "qtype": "MCQ",
      "answer": 1,
      "mark": 1
    }
  ]
}
