{
  "name": "Software Engineering Quiz",
  "description": "Test your knowledge of software engineering concepts.",
  "questions_list": [
    {
      "question_number": 1,
      "question": "What is the Software Development Life Cycle (SDLC)?",
      "options": {
        "A": "A process used by software industries to design, develop and test high-quality software products.",
        "B": "A methodology used in agile development.",
        "C": "A technique used to detect software bugs."
      }
      
    },
    {
      "question_number": 2,
      "question": "What is the purpose of a UML diagram?",
      "options": {
        "A": "To represent the design of a software system visually.",
        "B": "To test software applications.",
        "C": "To manage software requirements."
      }
    },
    {
      "question_number": 3,
      "question": "What is the difference between black-box testing and white-box testing?",
      "options": {},
      "qtype": "SA",
      "ownCorrection": true
    }
  ],
  "answers_list": {
    "1": "A",
    "2": "A",
    "3": "Black-box testing focuses on testing the functionality of the software without knowing its internal code, while white-box testing tests the internal logic and code structure of the software."
  }
  
}
